"Kind","Old","New"
"root","bit_wrecked_historical_random_start_0.0.8-alpha-tech-demo_2026-08-27","hrs_0.0.8"
"dir","BUILD_OUTPUT","out"
"file","CHANGELOG.md","changes.md"
"dir","alpha-core-2b68a226c224441b875305155e7dfd6d","d0001"
"dir","alpha-core-48178dfed78044619e5edc102807ffa1","d0002"
"dir","alpha-core-80a13f7b933c4e5da0a9d43d01e3a277","d0003"
"dir","BitWrecked_HistoricalRandomStart","mod"
"dir","BitWrecked.HistoricalRandomStart","main"
"dir","BitWrecked.HistoricalRandomStart.DevProbe","devprobe"
"dir","BitWrecked.HistoricalRandomStart.Phase1A.MarkerProbe","marker"
"dir","BitWrecked.HistoricalRandomStart.Phase1A.RelocationProbe","reloc"
"dir","compat-refresh-relocation-cfdb26cd1b944831bced225918d93f04","d0004"
"dir","Payload_Template","payload"
"dir","settling-verification-a81da42bf2c34381aa90fed117a145e5","d0005"
"dir","Support_Files_Do_Not_Edit","ui"
"dir","TEMP_BUILD_STAGE","tmp"
"file","0.0.5_ALPHA_TECH_DEMO_START_HERE.md","n0001.md"
"file","0.0.5_CHANGED_FILE_INVENTORY_AND_HANDOFF_2026-08-26.md","n0002.md"
"file","0.0.5_ESTABLISHED_PIPELINE_AND_FEATURE_MAP.md","n0003.md"
"file","0.0.5_FROZEN_AND_PROTECTED_INTEGRITY_REPORT_2026-08-26.md","n0004.md"
"file","0.0.5_NON_LIVE_VALIDATION_REPORT_2026-08-26.md","n0005.md"
"file","0.0.5_SECURITY_AND_PRIVATE_MATERIAL_DISPOSITION.md","n0006.md"
"file","0.0.5_VERSION_IDENTITY_INVENTORY.md","n0007.md"
"file","2026-08-13_historical_random_start_manifest.md","n0008.md"
"file","2026-08-13_historical_random_start_plan.md","n0009.md"
"file","2026-08-13_historical_random_start_review_and_reasoning_log.md","n0010.md"
"file","2026-08-13_phase_0_discovery_report.md","n0011.md"
"file","2026-08-14_day_2_ui_comparison.md","n0012.md"
"file","2026-08-14_historical_random_start_factoid.md","n0013.md"
"file","2026-08-14_phase_0a_installed_build_and_api_fingerprint.md","n0014.md"
"file","2026-08-14_phase_0a_pure_contract_test_report.md","n0015.md"
"file","2026-08-14_preview_apply_edge_fix_manifest.md","n0016.md"
"file","2026-08-14_preview_apply_edge_fix_test_report.md","n0017.md"
"file","2026-08-14_v3_1_biome_hazard_inventory.md","n0018.md"
"file","2026-08-14_v3_1_starter_trader_routing_inventory.md","n0019.md"
"file","2026-08-20_phase1_clean_removal_result.md","n0020.md"
"file","2026-08-20_phase1_death_pretest_baseline.md","n0021.md"
"file","2026-08-20_phase1_died_observation_result.md","n0022.md"
"file","2026-08-20_phase1_duplicate_observation_result.md","n0023.md"
"file","2026-08-20_phase1_external_build_record.md","n0024.md"
"file","2026-08-20_phase1_first_compile_attempt.md","n0025.md"
"file","2026-08-20_phase1_first_load_prerequisite_attempt.md","n0026.md"
"file","2026-08-20_phase1_loadedgame_observation_result.md","n0027.md"
"file","2026-08-20_phase1_loadedgame_pretest_baseline.md","n0028.md"
"file","2026-08-20_phase1_newgame_observation_result.md","n0029.md"
"file","2026-08-20_phase1_observation_go_no_go.md","n0030.md"
"file","2026-08-20_phase1_owned_dev_copy_record.md","n0031.md"
"file","2026-08-20_phase1_source_scaffold_gate.md","n0032.md"
"file","2026-08-20_phase1a_addcustomvar_external_build_record.md","n0033.md"
"file","2026-08-20_phase1a_addcustomvar_first_load_success.md","n0034.md"
"file","2026-08-20_phase1a_addcustomvar_live_dll_replacement_record.md","n0035.md"
"file","2026-08-20_phase1a_addcustomvar_payload_staging_record.md","n0036.md"
"file","2026-08-20_phase1a_addcustomvar_source_amendment.md","n0037.md"
"file","2026-08-20_phase1a_atomic_placement_semantic_comparison_source_amendment.md","n0038.md"
"file","2026-08-20_phase1a_atomic_semantic_corrected_newgame_relaunch.md","n0039.md"
"file","2026-08-20_phase1a_atomic_semantic_first_load_launch.md","n0040.md"
"file","2026-08-20_phase1a_atomic_semantic_first_load_preflight.md","n0041.md"
"file","2026-08-20_phase1a_atomic_semantic_live_payload_replacement.md","n0042.md"
"file","2026-08-20_phase1a_atomic_semantic_relocation_external_build_record.md","n0043.md"
"file","2026-08-20_phase1a_atomic_semantic_relocation_payload_staging_record.md","n0044.md"
"file","2026-08-20_phase1a_authoritative_chunk_observer_lifecycle_analysis.md","n0045.md"
"file","2026-08-20_phase1a_chunk_readiness_failure_analysis.md","n0046.md"
"file","2026-08-20_phase1a_containing_chunk_first_load_launch.md","n0047.md"
"file","2026-08-20_phase1a_containing_chunk_first_load_preflight.md","n0048.md"
"file","2026-08-20_phase1a_containing_chunk_first_load_result.md","n0049.md"
"file","2026-08-20_phase1a_containing_chunk_live_payload_replacement.md","n0050.md"
"file","2026-08-20_phase1a_containing_chunk_readiness_verification_source_amendment.md","n0051.md"
"file","2026-08-20_phase1a_containing_chunk_relocation_external_build_record.md","n0052.md"
"file","2026-08-20_phase1a_containing_chunk_relocation_payload_staging_record.md","n0053.md"
"file","2026-08-20_phase1a_containing_chunk_timeout_target_backup_and_reset.md","n0054.md"
"file","2026-08-20_phase1a_corrected_metadata_live_replacement_record.md","n0055.md"
"file","2026-08-20_phase1a_corrected_metadata_payload_staging_record.md","n0056.md"
"file","2026-08-20_phase1a_corrected_semantic_relocation_external_build_record.md","n0057.md"
"file","2026-08-20_phase1a_corrected_semantic_relocation_first_load_preflight.md","n0058.md"
"file","2026-08-20_phase1a_corrected_semantic_relocation_first_load_result.md","n0059.md"
"file","2026-08-20_phase1a_corrected_semantic_relocation_live_installation.md","n0060.md"
"file","2026-08-20_phase1a_corrected_semantic_relocation_payload_staging_record.md","n0061.md"
"file","2026-08-20_phase1a_deferred_placement_first_load_launch.md","n0062.md"
"file","2026-08-20_phase1a_deferred_placement_first_load_preflight.md","n0063.md"
"file","2026-08-20_phase1a_deferred_placement_first_load_result.md","n0064.md"
"file","2026-08-20_phase1a_deferred_placement_live_payload_replacement.md","n0065.md"
"file","2026-08-20_phase1a_deferred_placement_relocation_external_build_record.md","n0066.md"
"file","2026-08-20_phase1a_deferred_placement_relocation_payload_staging_record.md","n0067.md"
"file","2026-08-20_phase1a_existing_chunk_observer_synchronization_source_amendment.md","n0068.md"
"file","2026-08-20_phase1a_failed_marker_target_backup_and_reset.md","n0069.md"
"file","2026-08-20_phase1a_failed_relocation_target_backup_and_reset.md","n0070.md"
"file","2026-08-20_phase1a_live_marker_probe_backup_and_removal.md","n0071.md"
"file","2026-08-20_phase1a_marker_external_build_record.md","n0072.md"
"file","2026-08-20_phase1a_marker_first_load_metadata_rejection.md","n0073.md"
"file","2026-08-20_phase1a_marker_first_load_preflight.md","n0074.md"
"file","2026-08-20_phase1a_marker_first_load_reservation_failure.md","n0075.md"
"file","2026-08-20_phase1a_marker_owned_dev_copy_record.md","n0076.md"
"file","2026-08-20_phase1a_marker_payload_staging_record.md","n0077.md"
"file","2026-08-20_phase1a_marker_persistence_success_and_decision.md","n0078.md"
"file","2026-08-20_phase1a_marker_source_scaffold_gate.md","n0079.md"
"file","2026-08-20_phase1a_metadata_rejected_target_backup_and_reset.md","n0080.md"
"file","2026-08-20_phase1a_modinfo_name_source_correction.md","n0081.md"
"file","2026-08-20_phase1a_monotonic_settling_categorical_verification_source_amendment.md","n0082.md"
"file","2026-08-20_phase1a_monotonic_settling_first_load_preflight.md","n0083.md"
"file","2026-08-20_phase1a_monotonic_settling_first_load_result.md","n0084.md"
"file","2026-08-20_phase1a_monotonic_settling_live_payload_replacement.md","n0085.md"
"file","2026-08-20_phase1a_monotonic_settling_relocation_external_build_record.md","n0086.md"
"file","2026-08-20_phase1a_monotonic_settling_relocation_payload_staging_record.md","n0087.md"
"file","2026-08-20_phase1a_native_aligned_first_load_result.md","n0088.md"
"file","2026-08-20_phase1a_native_aligned_live_payload_replacement.md","n0089.md"
"file","2026-08-20_phase1a_native_aligned_postplacement_readiness_source_amendment.md","n0090.md"
"file","2026-08-20_phase1a_native_aligned_relocation_external_build_record.md","n0091.md"
"file","2026-08-20_phase1a_native_aligned_relocation_first_load_preflight.md","n0092.md"
"file","2026-08-20_phase1a_native_aligned_relocation_payload_staging_record.md","n0093.md"
"file","2026-08-20_phase1a_observer_predecessor_target_backup_and_reset.md","n0094.md"
"file","2026-08-20_phase1a_observer_scheduling_path_failure_analysis.md","n0095.md"
"file","2026-08-20_phase1a_observer_synchronized_corrected_target_relaunch.md","n0096.md"
"file","2026-08-20_phase1a_observer_synchronized_first_load_launch.md","n0097.md"
"file","2026-08-20_phase1a_observer_synchronized_first_load_preflight.md","n0098.md"
"file","2026-08-20_phase1a_observer_synchronized_first_load_result.md","n0099.md"
"file","2026-08-20_phase1a_observer_synchronized_live_payload_replacement.md","n0100.md"
"file","2026-08-20_phase1a_observer_synchronized_refreshed_first_load_preflight.md","n0101.md"
"file","2026-08-20_phase1a_observer_synchronized_relocation_external_build_record.md","n0102.md"
"file","2026-08-20_phase1a_observer_synchronized_relocation_payload_staging_record.md","n0103.md"
"file","2026-08-20_phase1a_observer_synchronized_timeout_target_backup_and_reset.md","n0104.md"
"file","2026-08-20_phase1a_observer_synchronized_wrong_target_rejection.md","n0105.md"
"file","2026-08-20_phase1a_placement_failed_target_backup_and_reset.md","n0106.md"
"file","2026-08-20_phase1a_placement_failure_isolation_analysis.md","n0107.md"
"file","2026-08-20_phase1a_post_placement_player_observer_drift_analysis.md","n0108.md"
"file","2026-08-20_phase1a_post_spawn_deferred_placement_source_amendment.md","n0109.md"
"file","2026-08-20_phase1a_postplacement_verification_failure_analysis.md","n0110.md"
"file","2026-08-20_phase1a_readonly_reload_absent_and_cvar_il.md","n0111.md"
"file","2026-08-20_phase1a_reload_amended_external_build_record.md","n0112.md"
"file","2026-08-20_phase1a_reload_amended_live_replacement_record.md","n0113.md"
"file","2026-08-20_phase1a_reload_amended_payload_staging_record.md","n0114.md"
"file","2026-08-20_phase1a_reload_observation_source_amendment.md","n0115.md"
"file","2026-08-20_phase1a_relocation_external_build_record.md","n0116.md"
"file","2026-08-20_phase1a_relocation_payload_staging_record.md","n0117.md"
"file","2026-08-20_phase1a_relocation_semantic_harness_scaffold_gate.md","n0118.md"
"file","2026-08-20_phase1a_relocation_source_scaffold_gate.md","n0119.md"
"file","2026-08-20_phase1a_relocation_target_backup_and_reset.md","n0120.md"
"file","2026-08-20_phase1a_runtime_semantic_equality_source_amendment.md","n0121.md"
"file","2026-08-20_phase1a_semantic_changed_target_backup_and_reset.md","n0122.md"
"file","2026-08-20_phase1a_semantic_digest_adjacent_update_drift_analysis.md","n0123.md"
"file","2026-08-20_phase1a_semantic_digest_unchecked_arithmetic_source_correction.md","n0124.md"
"file","2026-08-20_phase1a_semantic_snapshot_api_shape_source_correction.md","n0125.md"
"file","2026-08-20_phase1a_unchecked_semantic_first_load_result.md","n0126.md"
"file","2026-08-20_phase1a_unchecked_semantic_live_payload_replacement.md","n0127.md"
"file","2026-08-20_phase1a_unchecked_semantic_relocation_external_build_record.md","n0128.md"
"file","2026-08-20_phase1a_unchecked_semantic_relocation_first_load_preflight.md","n0129.md"
"file","2026-08-20_phase1a_unchecked_semantic_relocation_payload_staging_record.md","n0130.md"
"file","2026-08-20_phase1a_verification_failed_target_backup_and_reset.md","n0131.md"
"file","2026-08-26_0.0.5_ALPHA_TECH_DEMO_LARGER_MODEL_EXECUTION_MANIFEST.md","n0132.md"
"file","2026-08-27_POST_QA_QA-004_DEPLOYMENT_INTEGRITY_WORK_MANIFEST.md","n0133.md"
"file","2026-08-27_PRE_TEST_BIDIRECTIONAL_DRIFT_CHECK_MANIFEST.md","n0134.md"
"file","7DTD_HistoricalRandomStart_2026-08-21.bat","r0135.bat"
"file","7DTD_HistoricalRandomStart.bat","r0136.bat"
"file","AI_IMPLEMENTATION_REQUIREMENTS_AND_PLATFORM_GUIDE.md","n0137.md"
"file","ALPHA_CORE_EXECUTION_PACKET_0.0.1.md","n0138.md"
"file","alpha-core-golden-vectors.v1.json","j0139.json"
"file","AtomicResultWriter.cs","c0140.cs"
"file","bit-wrecked-channel-avatar.png","i0141.png"
"file","BitWrecked.HistoricalRandomStart.Phase1A.RelocationProbe.dll","d0142.dll"
"file","Build-AlphaCoreRelease.ps1","p0143.ps1"
"file","build-record.v1.json","j0144.json"
"file","CLIENT_QA_REQUIREMENTS_AND_BAT_START.md","n0145.md"
"file","CODE_OF_CONDUCT.md","n0146.md"
"file","CompatibilityGuard.cs","c0147.cs"
"file","contract_vectors.v1.json","j0148.json"
"file","CONTRIBUTING.md","n0149.md"
"file","CURRENT_SITUATIONAL_AWARENESS.md","n0150.md"
"file","DEV_TEST_AND_SOFTWARE_ASSURANCE_CONTRACT_0.0.1.md","n0151.md"
"file","DOCUMENT_ROUTING.md","n0152.md"
"file","DuplicateObservationGate.cs","c0153.cs"
"file","FRAMEWORK_NORMALIZATION_0.0.1.md","n0154.md"
"file","Get-Phase1ARelocationFilesystemSnapshot.ps1","p0155.ps1"
"file","Get-Phase1ARelocationSanitizedEvidence.ps1","p0156.ps1"
"file","Get-Phase1SanitizedLog.ps1","p0157.ps1"
"file","HistoricalRandomStart_Tool_2026-08-21.ps1","p0158.ps1"
"file","HistoricalRandomStart_Tool.ps1","p0159.ps1"
"file","HistoricalRandomStart.Copy.psm1","m0160.psm1"
"file","HistoricalRandomStart.Core.psm1","m0161.psm1"
"file","HistoricalRandomStart.Deployment.psm1","m0162.psm1"
"file","HistoricalRandomStart.dll","d0163.dll"
"file","HistoricalRandomStart.Management.psm1","m0164.psm1"
"file","HistoricalRandomStart.Phase1A.RelocationProbe.dll","d0165.dll"
"file","HistoricalRandomStart.State.psm1","m0166.psm1"
"file","HistoricalRandomStartModApi.cs","c0167.cs"
"file","Invoke-AlphaCoreContractTests.ps1","p0168.ps1"
"file","Invoke-AlphaCoreStateDeploymentTests.ps1","p0169.ps1"
"file","Invoke-HrsManagementStateTests.ps1","p0170.ps1"
"file","Invoke-Phase0APureContractTests.ps1","p0171.ps1"
"file","Invoke-Phase1AMarkerSourceStaticTests.ps1","p0172.ps1"
"file","Invoke-Phase1APureContractTests.ps1","p0173.ps1"
"file","Invoke-Phase1ARelocationSourceStaticTests.ps1","p0174.ps1"
"file","Invoke-Phase1ASemanticHarnessPureTests.ps1","p0175.ps1"
"file","Invoke-PortableQaManagerStaticTests.ps1","p0176.ps1"
"file","Invoke-PreviewApplyWorkflowTests.ps1","p0177.ps1"
"file","Invoke-PreviewStaticWriteScan.ps1","p0178.ps1"
"file","MAINTAINERS.md","n0179.md"
"file","MarkerProbeModApi.cs","c0180.cs"
"file","MarkerState.cs","c0181.cs"
"file","OPEN_SOURCE_GOVERNANCE_AND_SECURITY_MANIFEST_0.0.1.md","n0182.md"
"file","OPENSSF_READINESS.md","n0183.md"
"file","OwnedBridgePaths.cs","c0184.cs"
"file","PendingPlacement.cs","c0185.cs"
"file","PHASE_0A_NEGATIVE_TEST_MATRIX_0.0.1.md","n0186.md"
"file","PHASE_0A_SECURITY_STATE_BASELINE_0.0.1.md","n0187.md"
"file","PHASE_1_FIRST_LOAD_TEST_SCRIPT_0.0.1.md","n0188.md"
"file","PHASE_1_OBSERVATION_PROBE_DESIGN_0.0.1.md","n0189.md"
"file","PHASE_1_PINNED_BUILD_RECIPE_0.0.1.md","n0190.md"
"file","PHASE_1_PREBUILD_SOFTWARE_ASSURANCE_PACKET_0.0.1.md","n0191.md"
"file","PHASE_1A_ATOMIC_RELOCATION_SCIENTIFIC_METHODS_WHITEPAPER_0.0.1.md","n0192.md"
"file","PHASE_1A_MARKER_PROBE_DESIGN_0.0.1.md","n0193.md"
"file","PHASE_1A_PREBUILD_PACKET_0.0.1.md","n0194.md"
"file","PHASE_1A_RELOCATION_PROBE_DESIGN_0.0.1.md","n0195.md"
"file","PHASE_1A_SEMANTIC_HARNESS_0.0.1.md","n0196.md"
"file","phase0a_core_decision_cases.json","j0197.json"
"file","Phase0A.ContractModel.psm1","m0198.psm1"
"file","phase1_dependency_inventory_0.0.1.json","j0199.json"
"file","phase1_target_allowlist.owner_designated_live.valid.example.json","j0200.json"
"file","phase1_target_allowlist.schema.json","j0201.json"
"file","phase1_target_allowlist.valid.example.json","j0202.json"
"file","phase1a_semantic_after.valid.json","j0203.json"
"file","phase1a_semantic_before.valid.json","j0204.json"
"file","Phase1A.ContractModel.psm1","m0205.psm1"
"file","Phase1A.SemanticHarness.psm1","m0206.psm1"
"file","private_phase1_target_record.json","j0207.json"
"file","ProbeModApi.cs","c0208.cs"
"file","README_FIRST.md","n0209.md"
"file","README_FIRST.txt","t0210.txt"
"file","RelocationModApi.cs","c0211.cs"
"file","RUNTIME_DEVELOPMENT_AND_STATION_MIGRATION_MANIFEST.md","n0212.md"
"file","RuntimeEnvironmentGuard.cs","c0213.cs"
"file","SanitizedGameLog.cs","c0214.cs"
"file","SanitizedMarkerLog.cs","c0215.cs"
"file","SanitizedRelocationLog.cs","c0216.cs"
"file","SanitizedRuntimeLog.cs","c0217.cs"
"file","SemanticSnapshot.cs","c0218.cs"
"file","source_manifest.json","j0219.json"
"file","SpawnObservation.cs","c0220.cs"
"file","Start-Phase1FirstLoad.ps1","p0221.ps1"
"file","Start-Phase1LoadedGameTest.ps1","p0222.ps1"
"file","TargetGuard.cs","c0223.cs"
"file","Test-Phase1AMarkerFirstLoadPreflight.ps1","p0224.ps1"
"file","Test-Phase1FirstLoadPreflight.ps1","p0225.ps1"
"file","UX_0_1_CONTROL_INVENTORY_AND_STATE_MODEL_0.0.1.md","n0226.md"
"file","UX_PARITY_AND_EVOLUTION_MANIFEST_0.0.1.md","n0227.md"
"file","Verify-ReleaseSource.ps1","p0228.ps1"
